start,end,deaths,world_population
1601,1601,-999,545480
1603,1603,-999,544440
1606,1606,-999,542880
1608,1613,-999,541840
1610,1611,0,540800
1617,1618,-999,537160
1617,1619,0,537160
1618,1649,6200,536640
1620,1621,40,535600
1621,1624,-999,535080
1625,1625,100,533000
1627,1627,-999,531960
1628,1631,1280,531440
1630,1662,10,530400
1632,1632,18,529360
1633,1634,-999,528840
1633,1635,-999,528840
1634,1640,0,528320
1636,1637,33,527280
1640,1641,-999,525200
1643,1643,-999,523640
1643,1644,-999,523640
1644,1644,0,523120
1647,1647,0,521560
1648,1649,-999,521040
1653,1653,-999,525940
1654,1655,700,527920
1655,1655,0,529900
1656,1656,-999,531880
1660,1669,108,539800
1661,1665,16,541780
1663,1668,87.5,549700
1665,1665,-999,549700
1667,1668,-999,553660
1668,1668,0,555640
1670,1670,-999,559600
1673,1673,-999,565540
1674,1753,25,567520
1675,1683,337,569500
1677,1677,-999,573460
1677,1678,0,573460
1678,1682,567,575440
1680,1681,-999,579400
1681,1681,0,581380
1683,1683,-999,585340
1684,1684,7,587320
1685,1686,0,589300
1689,1689,8,597220
1689,1690,150,597220
1690,1691,0,599200
1692,1694,-999,603160
1697,1698,-999,613060
1699,1699,0,617020
1702,1702,0,624520
1702,1703,0,624520
1702,1704,-999,624520
1703,1704,0,627280
1704,1713,425,630040
1706,1706,0,635560
1706,1709,-999,635560
1707,1709,15,638320
1708,1709,-999,641080
1708,1709,0,641080
1708,1710,-999,641080
1709,1720,41,643840
1710,1710,0,646600
1712,1712,0,652120
1713,1713,10,654880
1713,1714,-999,654880
1716,1716,7.1,663160
1717,1717,-999,665920
1718,1718,-999,668680
1720,1730,100,674200
1721,1722,0,676960
1721,1724,-999,676960
1726,1726,-999,690760
1726,1729,19,690760
1727,1728,-999,693520
1728,1728,0,696280
1729,1730,0,699040
1730,1731,0,701800
1732,1732,0,707320
1732,1733,0,707320
1733,1734,0,710080
1734,1734,0,712840
1735,1740,5,715600
1736,1739,40,718360
1738,1740,50,723880
1738,1742,200,723880
1740,1740,-999,729400
1740,1740,0,729400
1740,1742,135,729400
1740,1750,210,729400
1741,1741,8.4,732160
1741,1743,-999,732160
1742,1742,30,734920
1742,1743,0,734920
1743,1743,0,737680
1745,1745,0,743200
1746,1749,-999,745960
1747,1748,0,748720
1750,1750,0,757000
1751,1753,0,760640
1753,1753,-999,767920
1755,1755,-999,775200
1756,1756,-999,778840
1757,1763,18,782480
1760,1760,-999,797040
1761,1762,8,797040
1762,1762,-999,800680
1762,1762,0,800680
1763,1764,0,804320
1764,1764,-999,807960
1766,1796,210,815240
1767,1767,-999,818880
1767,1767,-999,818880
1768,1769,0,822520
1769,1770,3000,826160
1770,1772,2145,829800
1770,1775,35,829800
1770,1780,11,829800
1775,1775,-999,848000
1775,1775,-999,848000
1776,1776,0,851640
1776,1776,6,851640
1778,1778,0,858920
1779,1779,18,862560
1779,1779,175,862560
1780,1780,3.5,866200
1780,1782,0,866200
1781,1782,100,869840
1781,1783,-999,869840
1783,1783,-999,877120
1783,1795,321,877120
1785,1786,-999,884400
1788,1789,0,895320
1788,1789,560,895320
1789,1789,0,898960
1790,1790,-999,902600
1790,1800,-999,902600
1790,1802,27,902600
1792,1792,21,909880
1792,1793,-999,909880
1792,1799,0,909880
1793,1793,11,913520
1793,1795,0,913520
1794,1798,0.731,917160
1795,1795,-999,920800
1795,1795,31,920800
1796,1796,38,924440
1796,1800,20,924440
1797,1797,-999,928080
1797,1797,20,928080
1798,1801,59,931720
1800,1800,-999,939000
1800,1800,8,939000
1802,1802,-999,949300
1802,1803,40,949300
1802,1803,40,949300
1803,1803,-999,954450
1803,1803,-999,954450
1803,1805,27,954450
1804,1804,0.5,959600
1804,1810,827,959600
1804,1828,2,959600
1805,1807,10,964750
1806,1806,-999,969900
1807,1807,-999,975050
1810,1810,3,990500
1811,1811,-999,995650
1812,1812,612,1000800
1812,1819,365,1005950
1813,1813,20,1005950
1813,1813,219,1005950
1813,1814,2000,1005950
1813,1815,150,1005950
1814,1814,-999,1011100
1814,1816,-999,1011100
1815,1815,-999,1016250
1815,1815,0,1016250
1815,1885,-999,1016250
1816,1819,700,1021400
1817,1818,-999,1026550
1817,1819,45,1026550
1817,1824,2031,1026550
1818,1818,-999,1031700
1818,1821,0,1031700
1820,1824,-999,1040133
1821,1821,-999,1048567
1821,1821,0,1048567
1821,1821,12.5,1048567
1823,1824,-999,1061700
1823,1831,-999,1061700
1824,1824,75,1068267
1825,1826,-999,1074833
1826,1828,-999,1081400
1826,1837,960,1081400
1829,1835,230,1101100
1830,1831,-999,1107667
1830,1852,16,1107667
1833,1833,-999,1127367
1834,1834,0,1133934
1835,1835,0,1140501
1836,1837,-999,1147067
1836,1837,8,1147067
1836,1840,-999,1107667
1837,1838,28,1153634
1837,1840,42,1153634
1837,1840,50,1153633
1839,1839,-999,1166767
1841,1841,0,1179901
1841,1842,-999,1179901
1842,1842,-999,1186467
1842,1843,-999,1186467
1843,1843,0,1193034
1843,1864,13,1193034
1846,1846,0,1212734
1846,1846,190,1212734
1846,1847,0,1212734
1846,1850,-999,1212734
1846,1850,10,1212734
1846,1863,4232,1212734
1847,1847,0,1219301
1847,1848,-999,1219301
1847,1848,-999,1219301
1847,1848,20,1219301
1847,1849,-999,1219301
1848,1902,70,1225868
1850,1850,-999,1239000
1850,1851,-999,1239000
1853,1853,4,1244550
1853,1853,8,1244550
1853,1853,10,1244550
1854,1854,0,1246400
1854,1856,134,1246400
1855,1855,3,1248250
1855,1858,-999,1248250
1856,1856,5,1250100
1857,1857,3,1251950
1860,1860,-999,1257500
1860,1865,-999,1257500
1860,1865,4,1257500
1860,1865,8,1257500
1860,1865,29,1257500
1860,1865,45,1257500
1861,1864,-999,1259350
1862,1863,14,1261200
1862,1864,-999,1261200
1862,1865,10,1261200
1863,1864,0,1263050
1864,1865,25,1264900
1865,1865,5,1266750
1866,1879,1692,1268600
1868,1868,-999,1272300
1868,1875,0,1272300
1868,1884,2898,1272300
1869,1869,0.7,1274150
1870,1870,36,1276000
1870,1875,500,1276000
1870,1880,-999,1276000
1871,1872,52,1285800
1873,1873,-999,1305400
1873,1873,0,1305400
1874,1874,25,1315200
1875,1875,40,1325000
1875,1876,5,1325000
1876,1876,5,1337320
1876,1876,1800,1337320
1876,1877,0,1337320
1878,1878,20,1361960
1878,1878,57,1361960
1878,1880,-999,1361960
1880,1900,-999,1386600
1881,1882,0,1398920
1881,1882,0,1398920
1881,1896,2363,1398920
1882,1885,0,1411240
1882,1886,3.5,1411240
1885,1885,3,1448200
1886,1898,0,1460520
1887,1887,-999,1472840
1887,1887,0,1472840
1888,1937,4240,1485160
1889,1890,1310,1497480
1890,1890,1.1,1509800
1890,1891,0,1509800
1891,1908,17,1522120
1892,1897,39,1534440
1893,1893,2,1546760
1894,1894,0.1,1559080
1894,1894,160,1559080
1895,1906,500,1571400
1896,1897,300,1583720
1897,1897,20,1596040
1897,1899,-999,1596040
1898,1913,0,1608360
1899,1900,0,1620680
1899,1902,13,1620680
1899,1904,0.1,1620680
1899,1926,4976,1620680
1900,1900,0.1,1633000
1900,1904,40,1633000
1900,1909,100,1633000
1900,1950,1510,1633000
1901,1905,60,1646050
1903,1903,0,1672150
1903,1903,48,1672150
1903,1907,5521,1672150
1904,1907,0,1685200
1905,1905,0,1698250
1906,1906,0,1711300
1906,1914,5,1711300
1907,1907,0,1724350
1907,1907,0,1724350
1908,1908,5.8,1737400
1908,1913,0,1737400
1910,1915,89.4,1763500
1911,1911,0,1777225
1911,1911,0,1777225
1912,1940,700,1790950
1914,1914,195,1808393
1915,1916,0,1832125
1915,1916,0,1832125
1916,1916,7,1839179
1917,1917,3,1859575
1917,1918,0,1859575
1917,1918,0.2,1859575
1917,1925,3000,1859575
1918,1920,32000,1873300
1918,1924,0,1873300
1919,1931,16,1887025
1920,1921,10,1900750
1921,1921,15.5,1920600
1921,1921,45,1920600
1921,1922,15,1920600
1922,1922,0,1940450
1922,1923,8,1940450
1923,1923,10,1960300
1924,1924,0,1980150
1925,1926,-999,2000000
1925,1926,0,2000000
1926,1926,0,2020467
1926,1926,0,2020467
1926,1926,0,2020467
1926,1926,0.033,2020467
1926,1927,-999,2020467
1926,1927,0,2020467
1926,1928,200,2020467
1926,1931,0,2020467
1926,1935,45,2020467
1928,1928,0,2061400
1928,1928,0,2061400
1928,1933,53,2061400
1929,1929,-999,2081867
1930,1935,10,2102333
1931,1931,4,2123250
1932,1933,0,2144167
1932,1933,32,2144167
1934,1934,0,2186000
1934,1934,0.1,2186000
1935,1936,0,2206917
1935,1936,18,2206917
1935,1937,12,2206917
1936,1936,0,2227833
1936,1936,0,2227833
1936,1937,0,2227833
1936,1938,-999,2227833
1936,1941,1,2227833
1937,1937,0,2248750
1937,1937,2,2248750
1937,1939,6.5,2248750
1937,1942,0,2248750
1938,1938,0,2269667
1938,1941,-999,2269667
1938,1943,0,2269667
1939,1939,1.5,2290583
1939,1939,3,2290583
1940,1941,0,2311500
1940,1943,0.25,2311500
1941,1943,0.771,2333993
1942,1942,0,2356486
1942,1942,7,2356486
1942,1942,29,2356486
1942,1944,0,2356486
1942,1944,0,2356486
1942,1944,1.2,2356486
1942,1944,3,2356486
1942,1945,1,2356486
1942,1949,8.263,2446459
1943,1943,50,2378979
1943,1945,0,2378979
1943,1945,17,2378979
1944,1945,0,2401472
1944,1945,0,2401472
1944,1946,0,2401472
1945,1945,0,2423966
1945,1945,0.6,2423966
1945,1946,0,2423966
1945,1949,0,2423966
1946,1946,2.2,2446459
1946,1947,-999,2446459
1946,1948,0,2446459
1947,1947,0,2468952
1947,1948,0,2468952
1947,1948,0,2468952
1947,1948,10.277,2468952
1949,1949,0,2513938
1949,1950,16,2513938
1950,1951,0,2536431
1950,1951,0,2536431
1950,1951,50,2536431
1950,1952,0,2536431
1950,1952,0.1,2536431
1950,1960,510.051,2536431
1951,1951,0,2584034
1951,1951,0,2584034
1951,1953,0,2584034
1951,1953,0.25,2584034
1952,1952,0,2630862
1952,1954,-999,2630862
1954,1954,0.1,2727839
1955,1956,0,2776328
1955,1956,0.5,2776328
1957,1957,0,2873306
1957,1958,0,2873306
1957,1958,2000,2873306
1958,1958,0,2927941
1958,1959,0,2927941
1958,1959,0,2927941
1958,1961,0.3,2927941
1959,1964,4,2982575
1960,1962,0,3037210
1960,1970,-999,3037210
1961,2019,397.702,3091844
1964,1964,-999,3288882
1964,1964,0,3288882
1964,1965,-999,3288882
1964,1974,10,3288882
1965,1965,0,3354561
1965,1967,-999,3354561
1967,1967,0,3485920
1967,1972,3,3485920
1968,1969,0,3551599
1968,1969,1000,3551599
1969,1970,3,3625681
1969,1970,12,3625681
1970,1972,0,3700437
1970,1978,0,3700437
1971,1972,0,3775760
1971,1973,-999,3775760
1971,1978,0,3775760
1973,1973,14,3927781
1974,1974,26,4003794
1974,1975,0,4003794
1976,1976,0,4154667
1976,1976,0.218,4154667
1977,1977,0,4229506
1977,1978,-999,4229506
1977,1978,10,4229506
1979,1980,0,4380506
1979,1980,10,4380506
1981,1981,10,4536997
1983,1983,0,4699569
1983,1994,100,5145426
1986,1990,4,4960568
1992,1992,0,5498920
1992,1993,0,5498920
1994,1994,-999,5663150
2003,2003,0.744,6381185
2009,2009,284.5,6872767
2011,2018,4.5,7041194
2012,2017,0.659,7125828
2013,2016,11.325,7210582
2015,2015,2,7379797
2018,2020,2.23,7631091
