run_number	timestamp_utc	timestamp_mountain	question_number	question_url	forecast_submitted	error_count	warning_count	question_title
989	2026-01-30 21:44:58 UTC	2026-01-30 14:44:58 MST	None	None	No	0	1	None
988	2026-01-30 21:03:01 UTC	2026-01-30 14:03:01 MST	None	None	No	0	1	None
987	2026-01-30 20:38:54 UTC	2026-01-30 13:38:54 MST	None	None	No	0	1	None
986	2026-01-30 19:51:38 UTC	2026-01-30 12:51:38 MST	41898	https://www.metaculus.com/questions/41898	Yes	0	0	Will SpaceX conduct 2 or more orbital Starship launch attempts before May 1, 2026?
985	2026-01-30 19:19:52 UTC	2026-01-30 12:19:52 MST	None	None	No	0	0	None
984	2026-01-30 18:21:11 UTC	2026-01-30 11:21:11 MST	None	None	No	0	0	None
983	2026-01-30 17:39:49 UTC	2026-01-30 10:39:49 MST	None	None	No	0	0	None
982	2026-01-30 16:50:15 UTC	2026-01-30 09:50:15 MST	None	None	No	0	1	None
981	2026-01-30 15:48:13 UTC	2026-01-30 08:48:13 MST	None	None	No	0	1	None
980	2026-01-30 14:58:17 UTC	2026-01-30 07:58:17 MST	None	None	No	0	0	None
979	2026-01-30 14:05:40 UTC	2026-01-30 07:05:40 MST	None	None	No	0	0	None
978	2026-01-30 13:16:33 UTC	2026-01-30 06:16:33 MST	None	None	No	0	0	None
977	2026-01-30 11:57:21 UTC	2026-01-30 04:57:21 MST	None	None	No	0	0	None
976	2026-01-30 11:35:29 UTC	2026-01-30 04:35:29 MST	None	None	No	0	0	None
975	2026-01-30 10:43:25 UTC	2026-01-30 03:43:25 MST	None	None	No	0	0	None
974	2026-01-30 09:49:33 UTC	2026-01-30 02:49:33 MST	None	None	No	0	0	None
973	2026-01-30 08:52:44 UTC	2026-01-30 01:52:44 MST	None	None	No	0	0	None
972	2026-01-30 07:55:36 UTC	2026-01-30 00:55:36 MST	None	None	No	0	0	None
971	2026-01-30 07:00:15 UTC	2026-01-30 00:00:15 MST	None	None	No	0	0	None
970	2026-01-30 05:54:03 UTC	2026-01-29 22:54:03 MST	None	None	No	0	0	None
969	2026-01-30 04:46:42 UTC	2026-01-29 21:46:42 MST	None	None	No	0	0	None
968	2026-01-30 02:40:37 UTC	2026-01-29 19:40:37 MST	None	None	No	0	0	None
967	2026-01-29 23:44:43 UTC	2026-01-29 16:44:43 MST	None	None	No	0	0	None
966	2026-01-29 23:01:54 UTC	2026-01-29 16:01:54 MST	None	None	No	0	0	None
965	2026-01-29 22:39:33 UTC	2026-01-29 15:39:33 MST	None	None	No	0	0	None
964	2026-01-29 21:58:01 UTC	2026-01-29 14:58:01 MST	None	None	No	0	0	None
963	2026-01-29 21:35:20 UTC	2026-01-29 14:35:20 MST	None	None	No	0	0	None
962	2026-01-29 20:49:54 UTC	2026-01-29 13:49:54 MST	None	None	No	0	0	None
961	2026-01-29 20:00:06 UTC	2026-01-29 13:00:06 MST	None	None	No	0	0	None
960	2026-01-29 19:37:08 UTC	2026-01-29 12:37:08 MST	None	None	No	0	0	None
959	2026-01-29 18:58:26 UTC	2026-01-29 11:58:26 MST	None	None	No	0	0	None
958	2026-01-29 17:43:46 UTC	2026-01-29 10:43:46 MST	None	None	No	0	0	None
957	2026-01-29 16:54:59 UTC	2026-01-29 09:54:59 MST	None	None	No	0	0	None
956	2026-01-29 15:58:01 UTC	2026-01-29 08:58:01 MST	None	None	No	0	0	None
955	2026-01-29 15:18:49 UTC	2026-01-29 08:18:49 MST	None	None	No	0	0	None
954	2026-01-29 14:24:00 UTC	2026-01-29 07:24:00 MST	None	None	No	0	0	None
953	2026-01-29 13:20:23 UTC	2026-01-29 06:20:23 MST	None	None	No	0	0	None
952	2026-01-29 12:00:00 UTC	2026-01-29 05:00:00 MST	None	None	No	0	0	None
951	2026-01-29 11:37:31 UTC	2026-01-29 04:37:31 MST	None	None	No	0	0	None
950	2026-01-29 10:47:16 UTC	2026-01-29 03:47:16 MST	None	None	No	0	0	None
949	2026-01-29 09:53:16 UTC	2026-01-29 02:53:16 MST	None	None	No	0	0	None
948	2026-01-29 08:52:06 UTC	2026-01-29 01:52:06 MST	None	None	No	0	0	None
947	2026-01-29 07:49:26 UTC	2026-01-29 00:49:26 MST	None	None	No	0	0	None
946	2026-01-29 06:59:09 UTC	2026-01-28 23:59:09 MST	None	None	No	0	0	None
945	2026-01-29 05:51:51 UTC	2026-01-28 22:51:51 MST	None	None	No	0	0	None
944	2026-01-29 04:44:11 UTC	2026-01-28 21:44:11 MST	None	None	No	0	0	None
943	2026-01-29 02:40:23 UTC	2026-01-28 19:40:23 MST	None	None	No	0	0	None
942	2026-01-28 23:44:29 UTC	2026-01-28 16:44:29 MST	None	None	No	0	0	None
941	2026-01-28 23:01:39 UTC	2026-01-28 16:01:39 MST	None	None	No	0	0	None
940	2026-01-28 22:39:44 UTC	2026-01-28 15:39:44 MST	None	None	No	0	0	None
939	2026-01-28 21:59:12 UTC	2026-01-28 14:59:12 MST	None	None	No	0	0	None
938	2026-01-28 21:36:48 UTC	2026-01-28 14:36:48 MST	None	None	No	0	0	None
937	2026-01-28 20:43:53 UTC	2026-01-28 13:43:53 MST	None	None	No	0	0	None
936	2026-01-28 19:57:28 UTC	2026-01-28 12:57:28 MST	None	None	No	0	0	None
935	2026-01-28 19:37:30 UTC	2026-01-28 12:37:30 MST	None	None	No	0	0	None
934	2026-01-28 18:56:07 UTC	2026-01-28 11:56:07 MST	None	None	No	0	0	None
933	2026-01-28 18:01:08 UTC	2026-01-28 11:01:08 MST	None	None	No	0	0	None
932	2026-01-28 17:38:55 UTC	2026-01-28 10:38:55 MST	None	None	No	0	0	None
931	2026-01-28 16:49:20 UTC	2026-01-28 09:49:20 MST	None	None	No	0	0	None
930	2026-01-28 15:40:30 UTC	2026-01-28 08:40:30 MST	None	None	No	0	0	None
929	2026-01-28 14:45:12 UTC	2026-01-28 07:45:12 MST	None	None	No	0	0	None
928	2026-01-28 13:59:02 UTC	2026-01-28 06:59:02 MST	None	None	No	0	0	None
927	2026-01-28 13:06:50 UTC	2026-01-28 06:06:50 MST	None	None	No	0	0	None
926	2026-01-28 11:40:26 UTC	2026-01-28 04:40:26 MST	None	None	No	0	0	None
925	2026-01-28 11:00:50 UTC	2026-01-28 04:00:50 MST	None	None	No	0	0	None
924	2026-01-28 10:37:10 UTC	2026-01-28 03:37:10 MST	None	None	No	0	0	None
923	2026-01-28 09:41:24 UTC	2026-01-28 02:41:24 MST	None	None	No	0	0	None
922	2026-01-28 08:42:02 UTC	2026-01-28 01:42:02 MST	None	None	No	0	0	None
921	2026-01-28 07:53:29 UTC	2026-01-28 00:53:29 MST	None	None	No	0	0	None
920	2026-01-28 07:33:40 UTC	2026-01-28 00:33:40 MST	None	None	No	0	0	None
919	2026-01-28 06:50:58 UTC	2026-01-27 23:50:58 MST	None	None	No	0	0	None
918	2026-01-28 05:57:11 UTC	2026-01-27 22:57:11 MST	None	None	No	0	0	None
917	2026-01-28 05:35:41 UTC	2026-01-27 22:35:41 MST	None	None	No	0	0	None
916	2026-01-28 04:52:19 UTC	2026-01-27 21:52:19 MST	None	None	No	0	0	None
915	2026-01-28 03:59:10 UTC	2026-01-27 20:59:10 MST	None	None	No	0	0	None
914	2026-01-28 02:23:20 UTC	2026-01-27 19:23:20 MST	None	None	No	0	0	None
913	2026-01-27 23:53:03 UTC	2026-01-27 16:53:03 MST	None	None	No	0	0	None
912	2026-01-27 23:29:52 UTC	2026-01-27 16:29:52 MST	None	None	No	0	0	None
911	2026-01-27 22:54:29 UTC	2026-01-27 15:54:29 MST	None	None	No	0	0	None
910	2026-01-27 22:29:38 UTC	2026-01-27 15:29:38 MST	None	None	No	0	0	None
909	2026-01-27 21:51:43 UTC	2026-01-27 14:51:43 MST	None	None	No	0	0	None
908	2026-01-27 21:26:50 UTC	2026-01-27 14:26:50 MST	None	None	No	0	0	None
907	2026-01-27 20:55:35 UTC	2026-01-27 13:55:35 MST	None	None	No	0	0	None
906	2026-01-27 20:30:55 UTC	2026-01-27 13:30:55 MST	None	None	No	0	0	None
905	2026-01-27 19:54:48 UTC	2026-01-27 12:54:48 MST	None	None	No	0	0	None
904	2026-01-27 19:33:14 UTC	2026-01-27 12:33:14 MST	None	None	No	0	0	None
903	2026-01-27 18:53:55 UTC	2026-01-27 11:53:55 MST	None	None	No	0	0	None
902	2026-01-27 17:57:56 UTC	2026-01-27 10:57:56 MST	None	None	No	0	0	None
901	2026-01-27 17:35:13 UTC	2026-01-27 10:35:13 MST	None	None	No	0	0	None
900	2026-01-27 16:42:17 UTC	2026-01-27 09:42:17 MST	None	None	No	0	0	None
899	2026-01-27 15:58:16 UTC	2026-01-27 08:58:16 MST	None	None	No	0	0	None
898	2026-01-27 15:37:12 UTC	2026-01-27 08:37:12 MST	None	None	No	0	0	None
897	2026-01-27 14:44:40 UTC	2026-01-27 07:44:40 MST	None	None	No	0	0	None
896	2026-01-27 13:59:04 UTC	2026-01-27 06:59:04 MST	None	None	No	0	0	None
895	2026-01-27 13:06:34 UTC	2026-01-27 06:06:34 MST	None	None	No	0	0	None
894	2026-01-27 11:40:58 UTC	2026-01-27 04:40:58 MST	None	None	No	0	0	None
893	2026-01-27 11:00:58 UTC	2026-01-27 04:00:58 MST	None	None	No	0	0	None
892	2026-01-27 10:36:56 UTC	2026-01-27 03:36:56 MST	None	None	No	0	0	None
891	2026-01-27 09:40:49 UTC	2026-01-27 02:40:49 MST	None	None	No	0	0	None
890	2026-01-27 08:42:34 UTC	2026-01-27 01:42:34 MST	None	None	No	0	0	None
889	2026-01-27 07:54:12 UTC	2026-01-27 00:54:12 MST	None	None	No	0	0	None
888	2026-01-27 07:35:02 UTC	2026-01-27 00:35:02 MST	None	None	No	0	0	None
887	2026-01-27 06:51:00 UTC	2026-01-26 23:51:00 MST	None	None	No	0	0	None
886	2026-01-27 05:57:29 UTC	2026-01-26 22:57:29 MST	None	None	No	0	0	None
885	2026-01-27 05:38:44 UTC	2026-01-26 22:38:44 MST	None	None	No	0	0	None
884	2026-01-27 04:59:37 UTC	2026-01-26 21:59:37 MST	None	None	No	0	0	None
883	2026-01-27 04:01:20 UTC	2026-01-26 21:01:20 MST	None	None	No	0	0	None
882	2026-01-27 02:27:10 UTC	2026-01-26 19:27:10 MST	None	None	No	0	0	None
881	2026-01-26 23:53:17 UTC	2026-01-26 16:53:17 MST	None	None	No	0	0	None
880	2026-01-26 23:30:23 UTC	2026-01-26 16:30:23 MST	None	None	No	0	0	None
879	2026-01-26 22:54:43 UTC	2026-01-26 15:54:43 MST	None	None	No	0	0	None
878	2026-01-26 22:30:27 UTC	2026-01-26 15:30:27 MST	None	None	No	0	0	None
877	2026-01-26 21:54:29 UTC	2026-01-26 14:54:29 MST	None	None	No	0	0	None
876	2026-01-26 21:33:15 UTC	2026-01-26 14:33:15 MST	None	None	No	0	0	None
875	2026-01-26 20:57:00 UTC	2026-01-26 13:57:00 MST	None	None	No	0	0	None
874	2026-01-26 20:35:33 UTC	2026-01-26 13:35:33 MST	None	None	No	0	0	None
873	2026-01-26 19:52:27 UTC	2026-01-26 12:52:27 MST	None	None	No	0	0	None
872	2026-01-26 19:30:00 UTC	2026-01-26 12:30:00 MST	None	None	No	0	0	None
871	2026-01-26 18:51:24 UTC	2026-01-26 11:51:24 MST	None	None	No	0	0	None
870	2026-01-26 17:58:06 UTC	2026-01-26 10:58:06 MST	None	None	No	0	0	None
869	2026-01-26 17:36:46 UTC	2026-01-26 10:36:46 MST	None	None	No	0	0	None
868	2026-01-26 16:43:14 UTC	2026-01-26 09:43:14 MST	None	None	No	0	0	None
867	2026-01-26 15:48:04 UTC	2026-01-26 08:48:04 MST	None	None	No	0	0	None
866	2026-01-26 15:01:45 UTC	2026-01-26 08:01:45 MST	None	None	No	0	0	None
865	2026-01-26 14:38:55 UTC	2026-01-26 07:38:55 MST	None	None	No	0	0	None
864	2026-01-26 13:56:48 UTC	2026-01-26 06:56:48 MST	None	None	No	0	0	None
863	2026-01-26 13:04:24 UTC	2026-01-26 06:04:24 MST	None	None	No	0	0	None
862	2026-01-26 11:51:16 UTC	2026-01-26 04:51:16 MST	None	None	No	0	0	None
861	2026-01-26 11:30:41 UTC	2026-01-26 04:30:41 MST	None	None	No	0	0	None
860	2026-01-26 10:58:29 UTC	2026-01-26 03:58:29 MST	None	None	No	0	0	None
859	2026-01-26 10:35:40 UTC	2026-01-26 03:35:40 MST	None	None	No	0	0	None
858	2026-01-26 09:41:58 UTC	2026-01-26 02:41:58 MST	None	None	No	0	0	None
857	2026-01-26 08:42:52 UTC	2026-01-26 01:42:52 MST	None	None	No	0	0	None
856	2026-01-26 07:53:56 UTC	2026-01-26 00:53:56 MST	None	None	No	0	0	None
855	2026-01-26 07:34:45 UTC	2026-01-26 00:34:45 MST	None	None	No	0	0	None
854	2026-01-26 06:50:10 UTC	2026-01-25 23:50:10 MST	None	None	No	0	0	None
853	2026-01-26 05:50:35 UTC	2026-01-25 22:50:35 MST	None	None	No	0	0	None
852	2026-01-26 05:06:28 UTC	2026-01-25 22:06:28 MST	None	None	No	0	0	None
851	2026-01-26 04:09:41 UTC	2026-01-25 21:09:41 MST	None	None	No	0	0	None
850	2026-01-26 02:31:25 UTC	2026-01-25 19:31:25 MST	None	None	No	0	0	None
849	2026-01-25 23:51:07 UTC	2026-01-25 16:51:07 MST	None	None	No	0	0	None
848	2026-01-25 23:27:28 UTC	2026-01-25 16:27:28 MST	None	None	No	0	0	None
847	2026-01-25 22:52:25 UTC	2026-01-25 15:52:25 MST	None	None	No	0	0	None
846	2026-01-25 22:27:57 UTC	2026-01-25 15:27:57 MST	None	None	No	0	0	None
845	2026-01-25 21:49:27 UTC	2026-01-25 14:49:27 MST	None	None	No	0	0	None
844	2026-01-25 21:26:16 UTC	2026-01-25 14:26:16 MST	None	None	No	0	0	None
843	2026-01-25 20:52:52 UTC	2026-01-25 13:52:52 MST	None	None	No	0	0	None
842	2026-01-25 20:31:58 UTC	2026-01-25 13:31:58 MST	None	None	No	0	0	None
841	2026-01-25 19:48:12 UTC	2026-01-25 12:48:12 MST	None	None	No	0	0	None
840	2026-01-25 19:25:17 UTC	2026-01-25 12:25:17 MST	None	None	No	0	0	None
839	2026-01-25 18:58:43 UTC	2026-01-25 11:58:43 MST	None	None	No	0	0	None
838	2026-01-25 18:39:14 UTC	2026-01-25 11:39:14 MST	None	None	No	0	0	None
837	2026-01-25 17:50:16 UTC	2026-01-25 10:50:16 MST	None	None	No	0	0	None
836	2026-01-25 17:25:34 UTC	2026-01-25 10:25:34 MST	None	None	No	0	0	None
835	2026-01-25 16:55:19 UTC	2026-01-25 09:55:19 MST	None	None	No	0	0	None
834	2026-01-25 16:34:25 UTC	2026-01-25 09:34:25 MST	None	None	No	0	0	None
833	2026-01-25 15:50:34 UTC	2026-01-25 08:50:34 MST	None	None	No	0	0	None
832	2026-01-25 15:28:04 UTC	2026-01-25 08:28:04 MST	None	None	No	0	0	None
831	2026-01-25 14:51:33 UTC	2026-01-25 07:51:33 MST	None	None	No	0	0	None
830	2026-01-25 14:26:32 UTC	2026-01-25 07:26:32 MST	None	None	No	0	0	None
829	2026-01-25 13:55:01 UTC	2026-01-25 06:55:01 MST	None	None	No	0	0	None
828	2026-01-25 13:38:06 UTC	2026-01-25 06:38:06 MST	None	None	No	0	0	None
827	2026-01-25 12:57:19 UTC	2026-01-25 05:57:19 MST	None	None	No	0	0	None
826	2026-01-25 11:48:19 UTC	2026-01-25 04:48:19 MST	None	None	No	0	0	None
825	2026-01-25 11:24:04 UTC	2026-01-25 04:24:04 MST	None	None	No	0	0	None
824	2026-01-25 10:52:59 UTC	2026-01-25 03:52:59 MST	None	None	No	0	0	None
823	2026-01-25 10:29:44 UTC	2026-01-25 03:29:44 MST	None	None	No	0	0	None
822	2026-01-25 09:50:59 UTC	2026-01-25 02:50:59 MST	None	None	No	0	0	None
821	2026-01-25 09:31:12 UTC	2026-01-25 02:31:12 MST	None	None	No	0	0	None
820	2026-01-25 08:56:17 UTC	2026-01-25 01:56:17 MST	None	None	No	0	0	None
819	2026-01-25 08:36:03 UTC	2026-01-25 01:36:03 MST	None	None	No	0	0	None
818	2026-01-25 07:49:38 UTC	2026-01-25 00:49:38 MST	None	None	No	0	0	None
817	2026-01-25 07:27:46 UTC	2026-01-25 00:27:46 MST	None	None	No	0	0	None
816	2026-01-25 06:41:49 UTC	2026-01-24 23:41:49 MST	None	None	No	0	0	None
815	2026-01-25 05:46:34 UTC	2026-01-24 22:46:34 MST	None	None	No	0	0	None
814	2026-01-25 05:03:03 UTC	2026-01-24 22:03:03 MST	None	None	No	0	0	None
813	2026-01-25 04:06:35 UTC	2026-01-24 21:06:35 MST	None	None	No	0	0	None
812	2026-01-25 02:32:21 UTC	2026-01-24 19:32:21 MST	None	None	No	0	0	None
811	2026-01-24 23:49:53 UTC	2026-01-24 16:49:53 MST	None	None	No	0	0	None
810	2026-01-24 23:26:37 UTC	2026-01-24 16:26:37 MST	None	None	No	0	0	None
809	2026-01-24 22:51:31 UTC	2026-01-24 15:51:31 MST	None	None	No	0	0	None
808	2026-01-24 22:26:48 UTC	2026-01-24 15:26:48 MST	None	None	No	0	0	None
807	2026-01-24 21:48:36 UTC	2026-01-24 14:48:36 MST	None	None	No	0	0	None
806	2026-01-24 21:24:45 UTC	2026-01-24 14:24:45 MST	None	None	No	0	0	None
805	2026-01-24 20:51:10 UTC	2026-01-24 13:51:10 MST	None	None	No	0	0	None
804	2026-01-24 20:29:27 UTC	2026-01-24 13:29:27 MST	None	None	No	0	0	None
803	2026-01-24 19:48:22 UTC	2026-01-24 12:48:22 MST	None	None	No	0	0	None
802	2026-01-24 19:24:47 UTC	2026-01-24 12:24:47 MST	None	None	No	0	0	None
801	2026-01-24 18:58:35 UTC	2026-01-24 11:58:35 MST	None	None	No	0	0	None
800	2026-01-24 18:39:14 UTC	2026-01-24 11:39:14 MST	None	None	No	0	0	None
799	2026-01-24 17:49:09 UTC	2026-01-24 10:49:09 MST	None	None	No	0	0	None
798	2026-01-24 17:24:41 UTC	2026-01-24 10:24:41 MST	None	None	No	0	0	None
797	2026-01-24 16:54:12 UTC	2026-01-24 09:54:12 MST	None	None	No	0	0	None
796	2026-01-24 16:33:24 UTC	2026-01-24 09:33:24 MST	None	None	No	0	0	None
795	2026-01-24 15:49:36 UTC	2026-01-24 08:49:36 MST	None	None	No	0	0	None
794	2026-01-24 15:27:06 UTC	2026-01-24 08:27:06 MST	None	None	No	0	0	None
793	2026-01-24 14:51:29 UTC	2026-01-24 07:51:29 MST	None	None	No	0	0	None
792	2026-01-24 14:26:59 UTC	2026-01-24 07:26:59 MST	None	None	No	0	0	None
791	2026-01-24 13:52:33 UTC	2026-01-24 06:52:33 MST	None	None	No	0	0	None
790	2026-01-24 13:35:55 UTC	2026-01-24 06:35:55 MST	None	None	No	0	0	None
789	2026-01-24 12:55:22 UTC	2026-01-24 05:55:22 MST	None	None	No	0	0	None
788	2026-01-24 11:48:29 UTC	2026-01-24 04:48:29 MST	None	None	No	0	0	None
787	2026-01-24 11:23:57 UTC	2026-01-24 04:23:57 MST	None	None	No	0	0	None
786	2026-01-24 10:52:17 UTC	2026-01-24 03:52:17 MST	None	None	No	0	0	None
785	2026-01-24 10:29:06 UTC	2026-01-24 03:29:06 MST	None	None	No	0	0	None
784	2026-01-24 09:49:53 UTC	2026-01-24 02:49:53 MST	None	None	No	0	0	None
783	2026-01-24 09:29:13 UTC	2026-01-24 02:29:13 MST	None	None	No	0	0	None
782	2026-01-24 08:55:34 UTC	2026-01-24 01:55:34 MST	None	None	No	0	0	None
781	2026-01-24 08:35:10 UTC	2026-01-24 01:35:10 MST	None	None	No	0	0	None
780	2026-01-24 07:48:29 UTC	2026-01-24 00:48:29 MST	None	None	No	0	0	None
779	2026-01-24 07:26:13 UTC	2026-01-24 00:26:13 MST	None	None	No	0	0	None
778	2026-01-24 06:41:11 UTC	2026-01-23 23:41:11 MST	None	None	No	0	0	None
777	2026-01-24 05:40:56 UTC	2026-01-23 22:40:56 MST	None	None	No	0	0	None
776	2026-01-24 05:00:59 UTC	2026-01-23 22:00:59 MST	None	None	No	0	0	None
775	2026-01-24 04:39:53 UTC	2026-01-23 21:39:53 MST	None	None	No	0	0	None
774	2026-01-24 03:45:48 UTC	2026-01-23 20:45:48 MST	None	None	No	0	0	None
773	2026-01-24 02:10:39 UTC	2026-01-23 19:10:39 MST	None	None	No	0	0	None
772	2026-01-23 23:51:20 UTC	2026-01-23 16:51:20 MST	None	None	No	0	0	None
771	2026-01-23 23:28:34 UTC	2026-01-23 16:28:34 MST	None	None	No	0	0	None
770	2026-01-23 22:52:03 UTC	2026-01-23 15:52:03 MST	None	None	No	0	0	None
769	2026-01-23 22:26:23 UTC	2026-01-23 15:26:23 MST	None	None	No	0	0	None
768	2026-01-23 21:51:22 UTC	2026-01-23 14:51:22 MST	None	None	No	0	0	None
767	2026-01-23 21:28:46 UTC	2026-01-23 14:28:46 MST	None	None	No	0	0	None
766	2026-01-23 20:55:09 UTC	2026-01-23 13:55:09 MST	None	None	No	0	0	None
765	2026-01-23 20:34:11 UTC	2026-01-23 13:34:11 MST	None	None	No	0	0	None
764	2026-01-23 19:49:59 UTC	2026-01-23 12:49:59 MST	None	None	No	0	0	None
763	2026-01-23 19:29:25 UTC	2026-01-23 12:29:25 MST	None	None	No	0	0	None
762	2026-01-23 18:45:00 UTC	2026-01-23 11:45:00 MST	None	None	No	0	0	None
761	2026-01-23 17:52:54 UTC	2026-01-23 10:52:54 MST	None	None	No	0	0	None
760	2026-01-23 17:31:13 UTC	2026-01-23 10:31:13 MST	None	None	No	0	0	None
759	2026-01-23 16:43:41 UTC	2026-01-23 09:43:41 MST	None	None	No	0	0	None
758	2026-01-23 15:57:45 UTC	2026-01-23 08:57:45 MST	None	None	No	0	0	None
757	2026-01-23 15:36:17 UTC	2026-01-23 08:36:17 MST	None	None	No	0	0	None
756	2026-01-23 14:58:01 UTC	2026-01-23 07:58:01 MST	None	None	No	0	0	None
755	2026-01-23 14:33:36 UTC	2026-01-23 07:33:36 MST	None	None	No	0	0	None
754	2026-01-23 13:55:11 UTC	2026-01-23 06:55:11 MST	None	None	No	0	0	None
753	2026-01-23 13:03:16 UTC	2026-01-23 06:03:16 MST	None	None	No	0	0	None
752	2026-01-23 11:52:33 UTC	2026-01-23 04:52:33 MST	None	None	No	0	0	None
751	2026-01-23 11:29:54 UTC	2026-01-23 04:29:54 MST	None	None	No	0	0	None
750	2026-01-23 10:57:14 UTC	2026-01-23 03:57:14 MST	None	None	No	0	0	None
749	2026-01-23 10:33:48 UTC	2026-01-23 03:33:48 MST	None	None	No	0	0	None
748	2026-01-23 09:47:39 UTC	2026-01-23 02:47:39 MST	None	None	No	0	0	None
747	2026-01-23 09:03:01 UTC	2026-01-23 02:03:01 MST	None	None	No	0	0	None
746	2026-01-23 08:39:55 UTC	2026-01-23 01:39:55 MST	None	None	No	0	0	None
745	2026-01-23 07:52:02 UTC	2026-01-23 00:52:02 MST	None	None	No	0	0	None
744	2026-01-23 07:32:49 UTC	2026-01-23 00:32:49 MST	None	None	No	0	0	None
743	2026-01-23 06:46:51 UTC	2026-01-22 23:46:51 MST	None	None	No	0	0	None
742	2026-01-23 05:55:00 UTC	2026-01-22 22:55:00 MST	None	None	No	0	0	None
741	2026-01-23 05:35:12 UTC	2026-01-22 22:35:12 MST	None	None	No	0	0	None
740	2026-01-23 04:51:23 UTC	2026-01-22 21:51:23 MST	None	None	No	0	0	None
739	2026-01-23 03:57:03 UTC	2026-01-22 20:57:03 MST	None	None	No	0	0	None
738	2026-01-23 02:21:10 UTC	2026-01-22 19:21:10 MST	None	None	No	0	0	None
737	2026-01-22 23:51:41 UTC	2026-01-22 16:51:41 MST	None	None	No	0	0	None
736	2026-01-22 23:28:34 UTC	2026-01-22 16:28:34 MST	None	None	No	0	0	None
735	2026-01-22 22:54:54 UTC	2026-01-22 15:54:54 MST	None	None	No	0	0	None
734	2026-01-22 22:30:58 UTC	2026-01-22 15:30:58 MST	None	None	No	0	0	None
733	2026-01-22 21:54:33 UTC	2026-01-22 14:54:33 MST	None	None	No	0	0	None
732	2026-01-22 21:33:03 UTC	2026-01-22 14:33:03 MST	None	None	No	0	0	None
731	2026-01-22 20:57:43 UTC	2026-01-22 13:57:43 MST	None	None	No	0	0	None
730	2026-01-22 20:36:20 UTC	2026-01-22 13:36:20 MST	None	None	No	0	0	None
729	2026-01-22 19:51:52 UTC	2026-01-22 12:51:52 MST	None	None	No	0	0	None
728	2026-01-22 19:30:40 UTC	2026-01-22 12:30:40 MST	None	None	No	0	0	None
727	2026-01-22 18:50:02 UTC	2026-01-22 11:50:02 MST	None	None	No	0	0	None
726	2026-01-22 17:58:44 UTC	2026-01-22 10:58:44 MST	None	None	No	0	0	None
725	2026-01-22 17:37:25 UTC	2026-01-22 10:37:25 MST	None	None	No	0	0	None
724	2026-01-22 16:55:29 UTC	2026-01-22 09:55:29 MST	None	None	No	0	0	None
723	2026-01-22 16:01:50 UTC	2026-01-22 09:01:50 MST	None	None	No	0	0	None
722	2026-01-22 15:38:35 UTC	2026-01-22 08:38:35 MST	None	None	No	0	0	None
721	2026-01-22 14:41:21 UTC	2026-01-22 07:41:21 MST	None	None	No	0	0	None
720	2026-01-22 13:58:09 UTC	2026-01-22 06:58:09 MST	None	None	No	0	0	None
719	2026-01-22 13:06:28 UTC	2026-01-22 06:06:28 MST	None	None	No	0	0	None
718	2026-01-22 11:53:06 UTC	2026-01-22 04:53:06 MST	None	None	No	0	0	None
717	2026-01-22 11:29:29 UTC	2026-01-22 04:29:29 MST	None	None	No	0	0	None
716	2026-01-22 10:49:57 UTC	2026-01-22 03:49:57 MST	None	None	No	0	0	None
715	2026-01-22 10:00:02 UTC	2026-01-22 03:00:02 MST	None	None	No	0	0	None
714	2026-01-22 09:40:00 UTC	2026-01-22 02:40:00 MST	None	None	No	0	0	None
713	2026-01-22 08:42:07 UTC	2026-01-22 01:42:07 MST	None	None	No	0	0	None
712	2026-01-22 07:53:36 UTC	2026-01-22 00:53:36 MST	None	None	No	0	0	None
711	2026-01-22 07:34:55 UTC	2026-01-22 00:34:55 MST	None	None	No	0	0	None
710	2026-01-22 06:46:33 UTC	2026-01-21 23:46:33 MST	None	None	No	0	0	None
709	2026-01-22 05:48:32 UTC	2026-01-21 22:48:32 MST	None	None	No	0	0	None
708	2026-01-22 05:05:42 UTC	2026-01-21 22:05:42 MST	None	None	No	0	0	None
707	2026-01-22 04:30:16 UTC	2026-01-21 21:30:16 MST	None	None	No	0	0	None
706	2026-01-22 03:07:22 UTC	2026-01-21 20:07:22 MST	None	None	No	0	0	None
705	2026-01-22 00:50:47 UTC	2026-01-21 17:50:47 MST	None	None	No	0	0	None
704	2026-01-21 23:53:14 UTC	2026-01-21 16:53:14 MST	None	None	No	0	0	None
703	2026-01-21 23:29:49 UTC	2026-01-21 16:29:49 MST	None	None	No	0	0	None
702	2026-01-21 22:57:01 UTC	2026-01-21 15:57:01 MST	None	None	No	0	0	None
701	2026-01-21 22:24:53 UTC	2026-01-21 15:24:53 MST	None	None	No	0	0	None
700	2026-01-21 21:45:44 UTC	2026-01-21 14:45:44 MST	None	None	No	0	0	None
699	2026-01-21 21:01:15 UTC	2026-01-21 14:01:15 MST	None	None	No	0	0	None
698	2026-01-21 20:37:31 UTC	2026-01-21 13:37:31 MST	None	None	No	0	0	None
697	2026-01-21 19:57:27 UTC	2026-01-21 12:57:27 MST	None	None	No	0	0	None
696	2026-01-21 19:26:01 UTC	2026-01-21 12:26:01 MST	None	None	No	0	0	None
695	2026-01-21 18:41:45 UTC	2026-01-21 11:41:45 MST	None	None	No	0	0	None
694	2026-01-21 17:53:59 UTC	2026-01-21 10:53:59 MST	None	None	No	0	0	None
693	2026-01-21 16:45:49 UTC	2026-01-21 09:45:49 MST	None	None	No	0	0	None
692	2026-01-21 15:51:06 UTC	2026-01-21 08:51:06 MST	None	None	No	0	0	None
691	2026-01-21 15:00:44 UTC	2026-01-21 08:00:44 MST	None	None	No	0	0	None
690	2026-01-21 14:30:23 UTC	2026-01-21 07:30:23 MST	None	None	No	0	0	None
689	2026-01-21 13:45:28 UTC	2026-01-21 06:45:28 MST	None	None	No	0	0	None
688	2026-01-21 12:50:10 UTC	2026-01-21 05:50:10 MST	None	None	No	0	0	None
687	2026-01-21 11:51:08 UTC	2026-01-21 04:51:08 MST	None	None	No	0	0	None
686	2026-01-21 11:32:21 UTC	2026-01-21 04:32:21 MST	None	None	No	0	0	None
685	2026-01-21 10:58:45 UTC	2026-01-21 03:58:45 MST	None	None	No	0	0	None
684	2026-01-21 10:28:24 UTC	2026-01-21 03:28:24 MST	None	None	No	0	0	None
683	2026-01-21 09:48:27 UTC	2026-01-21 02:48:27 MST	None	None	No	0	0	None
682	2026-01-21 09:00:51 UTC	2026-01-21 02:00:51 MST	None	None	No	0	0	None
681	2026-01-21 08:31:34 UTC	2026-01-21 01:31:34 MST	None	None	No	0	0	None
680	2026-01-21 07:45:22 UTC	2026-01-21 00:45:22 MST	None	None	No	0	0	None
679	2026-01-21 07:04:47 UTC	2026-01-21 00:04:47 MST	None	None	No	0	0	None
678	2026-01-21 06:38:49 UTC	2026-01-20 23:38:49 MST	None	None	No	0	0	None
677	2026-01-21 05:55:43 UTC	2026-01-20 22:55:43 MST	None	None	No	0	0	None
676	2026-01-21 05:28:16 UTC	2026-01-20 22:28:16 MST	None	None	No	0	0	None
675	2026-01-21 04:43:35 UTC	2026-01-20 21:43:35 MST	None	None	No	0	0	None
674	2026-01-21 03:43:29 UTC	2026-01-20 20:43:29 MST	None	None	No	0	0	None
673	2026-01-21 01:47:24 UTC	2026-01-20 18:47:24 MST	None	None	No	0	0	None
672	2026-01-20 23:50:57 UTC	2026-01-20 16:50:57 MST	None	None	No	0	0	None
671	2026-01-20 23:21:46 UTC	2026-01-20 16:21:46 MST	None	None	No	0	0	None
670	2026-01-20 22:49:23 UTC	2026-01-20 15:49:23 MST	None	None	No	0	0	None
669	2026-01-20 22:22:26 UTC	2026-01-20 15:22:26 MST	None	None	No	0	0	None
668	2026-01-20 21:48:10 UTC	2026-01-20 14:48:10 MST	None	None	No	0	0	None
667	2026-01-20 21:20:05 UTC	2026-01-20 14:20:05 MST	None	None	No	0	0	None
666	2026-01-20 20:41:45 UTC	2026-01-20 13:41:45 MST	None	None	No	0	0	None
665	2026-01-20 19:51:32 UTC	2026-01-20 12:51:32 MST	None	None	No	0	0	None
664	2026-01-20 18:35:59 UTC	2026-01-20 11:35:59 MST	None	None	No	0	0	None
663	2026-01-20 17:48:10 UTC	2026-01-20 10:48:10 MST	None	None	No	0	0	None
662	2026-01-20 17:03:00 UTC	2026-01-20 10:03:00 MST	None	None	No	0	0	None
661	2026-01-20 16:35:28 UTC	2026-01-20 09:35:28 MST	None	None	No	0	0	None
660	2026-01-20 15:48:58 UTC	2026-01-20 08:48:58 MST	None	None	No	0	0	None
659	2026-01-20 15:00:53 UTC	2026-01-20 08:00:53 MST	None	None	No	0	0	None
658	2026-01-20 14:30:20 UTC	2026-01-20 07:30:20 MST	None	None	No	0	0	None
657	2026-01-20 13:46:35 UTC	2026-01-20 06:46:35 MST	None	None	No	0	0	None
656	2026-01-20 12:50:16 UTC	2026-01-20 05:50:16 MST	None	None	No	0	0	None
655	2026-01-20 11:51:28 UTC	2026-01-20 04:51:28 MST	None	None	No	0	0	None
654	2026-01-20 11:30:25 UTC	2026-01-20 04:30:25 MST	None	None	No	0	0	None
653	2026-01-20 10:58:07 UTC	2026-01-20 03:58:07 MST	None	None	No	0	0	None
652	2026-01-20 10:27:22 UTC	2026-01-20 03:27:22 MST	None	None	No	0	0	None
651	2026-01-20 09:48:39 UTC	2026-01-20 02:48:39 MST	None	None	No	0	0	None
650	2026-01-20 09:02:26 UTC	2026-01-20 02:02:26 MST	None	None	No	0	0	None
649	2026-01-20 08:31:40 UTC	2026-01-20 01:31:40 MST	None	None	No	0	0	None
648	2026-01-20 07:44:10 UTC	2026-01-20 00:44:10 MST	None	None	No	0	0	None
647	2026-01-20 07:04:43 UTC	2026-01-20 00:04:43 MST	None	None	No	0	0	None
646	2026-01-20 06:39:09 UTC	2026-01-19 23:39:09 MST	None	None	No	0	0	None
645	2026-01-20 05:55:53 UTC	2026-01-19 22:55:53 MST	None	None	No	0	0	None
644	2026-01-20 05:28:22 UTC	2026-01-19 22:28:22 MST	None	None	No	0	0	None
643	2026-01-20 04:44:28 UTC	2026-01-19 21:44:28 MST	None	None	No	0	0	None
642	2026-01-20 03:43:18 UTC	2026-01-19 20:43:18 MST	None	None	No	0	0	None
641	2026-01-20 01:44:25 UTC	2026-01-19 18:44:25 MST	None	None	No	0	0	None
