ID,URL
123,https://www.metaculus.com/questions/123
41190,https://www.metaculus.com/questions/41190
41191,https://www.metaculus.com/questions/41191
41192,https://www.metaculus.com/questions/41192
41451,https://www.metaculus.com/questions/41451
41454,https://www.metaculus.com/questions/41454
41458,https://www.metaculus.com/questions/41458
41468,https://www.metaculus.com/questions/41468
41472,https://www.metaculus.com/questions/41472
41517,https://www.metaculus.com/questions/41517
41518,https://www.metaculus.com/questions/41518
41519,https://www.metaculus.com/questions/41519
41520,https://www.metaculus.com/questions/41520
41521,https://www.metaculus.com/questions/41521
41537,https://www.metaculus.com/questions/41537
41538,https://www.metaculus.com/questions/41538
41540,https://www.metaculus.com/questions/41540
41567,https://www.metaculus.com/questions/41567
41568,https://www.metaculus.com/questions/41568
41665,https://www.metaculus.com/questions/41665
41672,https://www.metaculus.com/questions/41672
41690,https://www.metaculus.com/questions/41690
41691,https://www.metaculus.com/questions/41691
41692,https://www.metaculus.com/questions/41692
41746,https://www.metaculus.com/questions/41746
41747,https://www.metaculus.com/questions/41747
41748,https://www.metaculus.com/questions/41748
41749,https://www.metaculus.com/questions/41749
41750,https://www.metaculus.com/questions/41750
41835,https://www.metaculus.com/questions/41835
41836,https://www.metaculus.com/questions/41836
