workflow_run_number,question_number
1246,
1245,
1244,
1243,
1242,
1241,
1240,
1239,
1238,
1237,42040
1236,
1235,
1234,
1233,
1232,
1231,
1230,42039
1229,
1228,42077
1227,
1226,
1225,
1224,
1223,
1222,
1221,42038
1220,
1219,
1218,
1217,
1216,
1215,
1214,
1213,
1212,
1211,
1210,
1209,
1208,
1207,
1206,
1205,
1204,
1203,
1202,
1201,
1200,
1199,
1198,
1197,
1196,
1195,
1194,41851
1193,
1192,
1191,
1190,
1189,
1188,
1187,
1186,
1185,
1184,
1183,
1182,
1181,
1180,
1179,
1178,
1177,
1176,
1175,
1174,
1173,41849
1172,42037
1171,42029
1170,
1169,
1168,
1167,
1166,
1165,
1164,42014
1163,41848
1162,
1161,
1160,
1159,
1158,
1157,42013
1156,42036
1155,
1154,
1153,
1152,
1151,
1150,
1149,
1148,
1147,
1146,
1145,
1144,
1143,
1142,
1141,
1140,
1139,42028
1138,
1137,
1136,
1135,41846
1134,
1133,
1132,
1131,
1130,42010
1129,
1128,
1127,
1126,
1125,
1124,
1123,
1122,
1121,
1120,
1119,
1118,
1117,41845
1116,
1115,41844
1114,42008
1113,42007
1112,42006
1111,
1110,
1109,
1108,42001
1107,42003
1106,42002
1105,42001
1104,42000
1103,
1102,
1101,
1100,
1099,
1098,
1097,
1096,41998
1095,41997
1094,41895
1093,
1092,
1091,
1090,41996
1089,
1088,
1087,
1086,41843
1085,41995
1084,
1083,
1082,
1081,41842
1080,
1079,
1078,41841
1077,
1076,
1075,
1074,
1073,
1072,
1071,41991
1070,
1069,41990
1068,
1067,41989
1066,
1065,41988
1064,
1063,41986
1062,41987
1061,
1060,41840
1059,
1058,41985
1057,41984
1056,
1055,
1054,41910
1053,
1052,
1051,
1050,
1049,
1048,
1047,
